tweet_id,conversation_id,customer_message,brand_response,generated_reply,intent,expected_action,notes
2287222,2287222,@AppleSupport Thank you. The screen remains black with absolutely no change in brightness. The only signs of life are the cooling fan turning on and the sleep indicator light which holds as a solid white,@664541 Have you checked your brightness? Please use the brightness keys on your keyboard to see if the display brightens. Do you see a cursor on the black screen or is that not showing either?,,,,
2436882,2436882,Hey @115858 I just had a mini heart attack cause iCloud got turned off when I restarted my phone and all my pictures were suddenly gone (1/?),@699079 We do understand your concern &amp; how important photos are. Did they all return once you enabled iCloud Photo Library?,,,,
228466,228466,@115858 fix this shit . Like wtf,"@170457 We want to help you with this. We see that you forced closed your apps, that's a great step to try. Have you restarted your iPhone since this issue started? Which iOS are you running? Check here: Settings &gt; General &gt; About &gt; Version.",,,,
2838680,2838680,"Every #iOS upgrade brings with it fresh problems and user-unfriendly changes. Why does my lock screen now have ""Apple Music"" on it with a play button center screen? I can't get rid of it! Help me @AppleSupport !","@330288 Let's look into this together to determine what's going on. To clarify, which version of iOS do you have installed? You can check under Settings &gt; General &gt; About. Also, is your Music app running in the background?",,,,
291416,291416,@AppleSupport I’m not sure if you guys sent this to me or someone is phishing for my account info,@185385 We'd like to help. That is not a genuine message. You can report the message as outlined here:,,,,
2051228,2051228,Thanks @115858 for #ios11 ! Great job - it's utter trash. Slow and buggy. All this pain for what??,@606609 We'll be glad to assist. Are you using a specific app when your device is slow? Please DM us with the details.,,,,
121549,121549,@AppleSupport 30 minutos y no abre la pagina!,@143062 We offer support via Twitter in English. Get help in Spanish here: or join,,,,
2708482,2708482,"@AppleSupport Nope, I.T &lt;—-still is messed up","@760585 Let's restart your device by following these steps here: If the issue persists, please DM us and we'll continue with additional steps.",,,,
457229,457229,@AppleSupport the newest update makes my phone’s brightness change on its own. How do I make it stop? It’s so irritating!,@223560 Sure thing. Auto-brightness can be disabled under Settings &gt; General &gt; Accessibility &gt; Display Accommodations. Keep in mind that disabling this feature may decrease battery life.,,,,
1531034,1531034,@AppleSupport I updated my iPhone 6S to iOS 11 and the new Podcast App does not appear to let me view or edit my queue. Please help or fix.,@474973 We'd love to offer our help. Are you referencing curating your Up Next queue?,,,,
1924282,1924282,Frustrated with iPhone bugs @115858 @116333,@572776 We'd like to take a closer look at the issues you're having with your iPhone. DM us more details to get started.,,,,
1710663,1710663,@AppleSupport why is my phone not recognizing the lowercase I? I don’t get what’s happening,@518228 Here’s what you can do to work around the issue until it’s fixed in a future software update:,,,,
2309899,2309899,Anyone else having the issue that all of your snooze alarms are on? Sucks. Can’t turn them off. So much for sleeping in @AppleSupport @115858,@669934 We'd like to better understand what's going on with your alarms. What's your device model and have you tried any steps yet? What about the OS version that's installed on it? let us know in DM.,,,,
2143238,2143238,"@AppleSupport I’m waiting for a new software to my iPhone, this iOS have many troubles ! Please HELP ! I can’t use my cellphone 😖",@630125 Please send us a DM with more details as to what your issue is exactly.,,,,
825549,825549,@AppleSupport guys - this is stuck here. #iOS11,"@244912 Thanks for reaching out. If you play a new song from the Music app, are you able to control it from the Lock screen?",,,,
2802414,2802414,"@AppleSupport It’s been super slow, my apps keep shutting down for no reason and it keeps saying “storage full” when I haven’t done anything different",@781743 Thanks for those details. Let's move to DM so we may better assist you.,,,,
633783,633783,@115858 your new update killed my screen on my iPhone x litterally half of the screen has block dots and it's over heating trying to run the latest update you owe me a new phone I'm switching to Samsung!!!,@270230 That should not be happening. We'd be happy to help. Would you tell us more about what you're experiencing in DM?,,,,
1241482,1241482,@115858 after updating my phone to IOS 11 it magically turned into a pice of cr*p. Plz fix or I might as well use a rotary phone / Samsung,@411212 We don't want you to be without a working iPhone. Send us a DM and we'll work on this together.,,,,
2177208,2177208,"@AppleSupport I just installed mac high sierra, yet I'm still having issues using facetime. I'm getting a verification error. Any options I should explore?",@473513 Thanks for reaching out. Let's start by trying the troubleshooting steps here: Let us know if you're still unable to activate FaceTime after.,,,,
2060040,2060040,"@AppleSupport The battery life of my @115858 #iPad and #iPhone8 have diminished dramatically with #iOS11, even with the updates.",@609280 Let's look at both batteries together. Which model of iPad are you using? Let us know in DM and we'll get started.,,,,
1865522,1865522,@AppleSupport help I'm locked out of my phone and your support page only lists numbers that I can't call because I'm locked out of my phone.,"@557344 We're here to help. Let us know via DM what you currently see on your iPhone's screen, then we can advise you from there.",,,,
810861,810861,"@AppleSupport I had update to ios 11.1, then I have a big problem The Battery Drawning. How to fix this problem? Help me please ...!",@313204 We're here for you! Send us a DM &amp; we'll continue there.,,,,
1232916,1232916,@AppleSupport iOS 11 on both,@409165 Is it showing iOS 11 or iOS 11.0.3 on the iPhone you're attempting to restore? Let us know in a DM and we'll continue.,,,,
950955,950955,Why won’t my phone update to the new iOS ????? @AppleSupport,@345570 We've received your DM. Please look for our reply there soon.,,,,
1543354,1543354,@AppleSupport I’ve been trying for two hours and the iTunes activation doesn’t work either 😡 #iphoneXlaunch,@458611 We can help. Try following these steps and DM us if you still have issues:,,,,
2975817,2975817,meu celular não tem nem dois meses e ja ta dando problema vai tomar no cu @115858,"@820703 Since our Twitter support is available in English, get help at or join",,,,
1947952,1947952,"@AppleSupport hi, I can’t download apps or books. It’s been a few days now. I’ve been trying to download a since this AM.Please help","@578795 We'd like to help. DM us which Apple device you are having issues downloading apps onto, and we'll go from there.",,,,
1470883,1470883,"@AppleSupport Yep, the article is pretty clear—the functionality I’m missing was removed in watchOS 4. I sure wish @115858 would fix this!",@379507 We wanted to ensure you had the information. We welcome feature feedback here:,,,,
2618359,2618359,@AppleSupport Thank you. I will find out on Monday and I will also keep you posted regards the result. Thank you.,@739955 Great. Keep us posted for sure.,,,,
2795435,2795435,@AppleSupport Why does the Health app on iOS 11 count steps while I am on a bicycle ride with my Apple Watch recording that ride via the Activity app? Shouldn’t the Activity and Health app talk to each other so that the Health app does not count every bump on the road as a step?,"@780057 We're happy to look into this with you. To get started, let us know in DM which iOS device you're using and which version of iOS 11 you've got installed.",,,,
1725750,1725750,@115858 can you help us all out and fix the I️ problem? I️ I️ I️ I️,@440630 Here’s what you can do to work around the issue until it’s fixed in a future software update:,,,,
642035,642035,"@AppleSupport ‘If you're using a headset, and it unexpectedly activates Siri or Voice Control, make sure that your headset is fully inserted into the device.’ Seems to happen most when headphones were in but no moisture or bad jack connection. Any suggestions?",@272370 Sure! Do you have access to another headset we can test with? This will help us isolate the issue to the iPhone or the headset.,,,,
87109,87109,@AppleSupport Last night two iPhones in the family started to restart every minute. iPhone 6s and 6s plus. What is it? Why two at the same time? IPhone 6 isn’t impacted.,"@245882 We want to help. If your device with iOS 11 unexpectedly restarts repeatedly on or after December 2, 2017, this article will walk you through a solution: Let us know if that helps.",,,,
1677057,1677057,I️ hate this new iOS 11.1 update as for the reason those with you with an iPhone can see when I️ type “eye”. HALP @AppleSupport,@510122 Here’s what you can do to work around the issue until it’s fixed in a future software update:,,,,
1092523,1092523,@AppleSupport Can I revert back to my previous software as updating to 11.0.3 has halved my battery life and apps keep freezing-iPhone 7 😡,"@377814 We'd be happy to look into this issue with you. Send us a DM, and we'll continue from there.",,,,
1877120,1877120,"With my new MBP’s stuck keys and failing USB power cables and the buggy iPhone update, I’m worried about @115858. Used to all “just work”.",@560338 We are here to help whenever possible. DM the country or region where you are currently located to get started.,,,,
1646249,1646249,@502972 @115858 I updated and it still does it idk,@503127 Thanks for reaching out. We have a workaround for this here: DM us if you still need help.,,,,
1690565,1690565,Why can't I update none of my apps or iOS?! 😩 @115858,@513238 Thanks for reaching out. We'd like to help. Are you updating via Wi-Fi or iTunes?,,,,
2297812,2297812,"my messages app keeps crashing, wtf @115858","@667030 Thank you for reaching out to us. We're here to help. To start, what device model and software version are you using?",,,,
593501,593501,@AppleSupport no one seems to know what’s going on my lost order #customerservicefail #help,"@260525 We'd be happy to help out however we can. Have you spoken to our Sales Support team yet? If not, to whom have you spoken so far?",,,,
2023213,2023213,"@AppleSupport this absolutely poor battery life since 11, please fix! Can spend 30 seconds on the phone without losing 1% battery life 😡","@598361 We're here for you. Which iPhone do you have, and what version number do you see in Settings &gt; General &gt; About &gt; Version?",,,,
1970980,1970980,@AppleSupport I bought nothing recently off of ITunes Store but I got payment method declined? What on earth is going on?,@583814 This article for more info: Let us know in DM if you're still having trouble.,,,,
908496,908496,Not sure if i mentioned it or not but this @115858 update sucks big time! My phone is shit now. That is all.,@335764 We're happy to help. Let's take a look at this further for you. Reach out to us in DM.,,,,
1363282,1363282,Why does my brightness keep changing with this update!?@AppleSupport @115858,@437430 We've got your DM and will continue from there.,,,,
2710965,2710965,yo @115858 ! what is this !? i didnt have this problem prior to ios 11,"@761174 We can help you with this. Are you seeing this on outgoing messages, incoming messages, or both?",,,,
2013846,2013846,@AppleSupport Is this link for the UK too?,"@595474 For contact info, and also a link to worldwide numbers to reach us, please see:",,,,
1592363,1592363,"@115858 dear Apple... THE MOTHERFUCKING GLITCH RUINED THE CAPTURE FOR THE EXCELLENCE OF PICTURE THAT THIS IS. FIX THIS! Xoxo, everyone!",@489463 We want you to get the message across like you intend to. Check out this article for help:,,,,
1028524,1028524,¿Anybody else having battery leaking problems with iOS 11.0.3? Drains like crazy #ios1103 @AppleSupport,@363353 We want to help! What model of iOS device are you using? Do you have the most recent version of iOS 11.0.3 downloaded?,,,,
1425161,1425161,@AppleSupport Music problem hasn’t been fixed. What do you suggest?,@451103 Let's meet in DM and we'll continue to look into this.,,,,
2728235,2728235,I m using iphone 6 and I updated to ios 11 month ago but my wifi get turned on automatically plz tell me what to do @AppleSupport @124871 @2310 @115858 #wifiproblems #iphone6,"@764987 We're here to help. With iOS 11, you can turn off Wi-Fi and Bluetooth in your Control Center, however it just disconnects you from the network that you're currently connected to. To disable Wi-Fi you still have to do that in your Settings:",,,,
1433343,1433343,"@AppleSupport No, I didn’t do anything since it back to normal second later. Not quite disturbing anw, but is it normal? 🤷‍♂️",@452803 Thanks! How do you unlock your iPhone? Do you enter in your passcode or use Touch ID?,,,,
1666276,1666276,Me tiene loco la actualización de iOS. No funciona bien mi celular. Miro con ojos de deseo el S8! @AppleSupport,@507625 We offer support via Twitter in English. Get help in Spanish here: or join,,,,
2300198,2300198,He cometido el error de intentar actualizar mi #iPhone6 y se ha quedado así... A los 30'' se bloquea la pantalla y al desbloquearla vuelta a empezar!! 😩😩😩 #iOS11.1.1 #Apple #Help @119459 @AppleSupport,@667608 We offer support via Twitter in English. Get help in Spanish here: or join,,,,
2686078,2686078,WTF @AppleSupport,@755368 Thanks for reaching out. We see your DM and we'll continue there.,,,,
1634053,1634053,"@AppleSupport why can I️ not type the letter eye. If “eye” do, it comes up as a box and a exclamation mark. See I️",@499896 Here’s what you can do to work around the issue until it’s fixed in a future software update:,,,,
1798948,1798948,"@115858 @11993 Constant freezing, battery drain, multiple daily resets, buttons that don’t work, menus that don’t draw correctly. #ios11problems",@540539 We'd be delighted to work with you on the issues you're seeing. Meet up with us in DM to get started.,,,,
741670,741670,@AppleSupport 2/2 and it takes 5 seconds for it to come back up and I see the following screen during this period. I expected iOS 11.0.1 to fix it no.,"@297378 That shouldn't be happening. Is it unresponsive, slow to respond, or both? Backup your iPhone &amp; update to iOS 11.0.2.",,,,
2039307,2039307,Dear @115858 why are you turning the letter I into I️? Is this to combat the narcissism of our times? It isn’t working!,@602978 Here’s what you can do to work around the issue until it’s fixed in a future software update:,,,,
92828,92828,"@AppleSupport Help me!! My iPhone X, it’s possible? Only one day of use!",@231162 We'd like to see what we can do to assist. DM us and we'll see if we can't sort this out for you.,,,,
2255361,2255361,@AppleSupport Current version is 11.1,"@299048 Thanks for clarifying that! We understand what you mean. Recently we released a software update. Please back up, update, and test to see how your iPhone is behaving. You can DM us the result. Here's how to back up:",,,,
740462,740462,"@AppleSupport I’ve been up 30 mins, screen v.low brightness. Charge from 100% to 79% already. What a joke.",@244083 Let's figure this out. Which device are you experiencing it on? Reply in DM to get started.,,,,
1640281,1640281,@AppleSupport Just DM You Guys.,@501486 We’ve received your DM. Be on the lookout for our response there shortly.,,,,
1617186,1617186,"Honestly @115858 you would think with selling a $1,000 phone you would be able to keep simple bug fixes like a question mark key up to date.",@495885 We are aware of this issue and are working hard to find a resolution. We do have a workaround:,,,,
1588248,1588248,"@AppleSupport But can you get my clock back on my lock screen? Please, thanks.","@519566 If you restart the device, does the clock come back?",,,,
512559,512559,"@AppleSupport Yes, I do. The fun gets hot. There are no software updates available. It's an iPhone 7 128GB model.","@237889 By crashing, do you mean that it's unexpectedly restarting or shutting down? Let us know in DM and we'll go from there.",,,,
1565193,1565193,@115858 can y’all PLEASE fix the issue with your keyboard and specific letters turning to symbols???,@483213 Thanks for reaching out to us for support. Please check out this link:,,,,
2953853,2953853,@115858 re root bug; I am tired of paying premium prices for junk. Steve must be turning over in hi grave!,@815551 We're here for you! Let's take a closer look in DM here:,,,,
668786,668786,"@AppleSupport if I bring in my MacBook Air into a store, will they unscrew the back plate for me/ would I be charged",@279477 That would be a better question for the store you want to visit. Do you know the closest Apple Store to you?,,,,
1496753,1496753,LISTEN @AppleSupport I️ don’t know why these boxes with question marks keep popping up but this ain’t cute,@467498 We'd be happy to help. Could you tell us which version you are using and which device this is on?,,,,
1201323,1201323,@AppleSupport Standard apps beeps and drop down alerts if I have email open- all other alerts come back on even if I'm in do not disturb mode,@331210 OK. Which iOS version is running on your iPhone? Let's take this conversation to DM:,,,,
2021108,2021108,"So @AppleSupport , what about this I️ / I situation?🤔",@597716 Here’s what you can do to work around the issue until it’s fixed in a future software update:,,,,
426710,426710,@AppleSupport iPhone 6s,"@216481 Have you tried powering off and restarting your iPhone? If not, please follow the steps here:",,,,
550747,550747,@AppleSupport Explain this on my iPhone X replacement? Screen burn in?,@248303 We'd like to look into this with you. DM us and we'll continue with you there.,,,,
1852843,1852843,@AppleSupport Crickets.......,@554475 Thanks for confirming. We'd like some additional details to help out with your battery. Send us a DM and we'll continue.,,,,
2583070,2583070,"@AppleSupport Most of the time our calls just don’t connect and sometimes, when it does, it’s only for a short period of time before it just hangs up in the middle of our conversation","@732010 Do you experience this behavior while connected to cellular data, Wi-Fi, or both? Click here to let us know in DM:",,,,
1488890,1488890,@115858 all apps are closed and the phone is still pulling battery like there is no tomorrow. What is wrong with iOS 11?,@201442 We'd like to look into this with you. Reach out via DM using the link below.,,,,
417295,417295,iOS 11 is a complete disaster. Any plan to make it better? Specially for battery life? @115858 @AppleSupport,@214566 Let's have a look at this together. Please DM us.,,,,
2631500,2631500,"Pour ceux qui ont un #iPhone7 et qui ont #iOS11 , est-ce que vois avez ce bug qui fait que quand une app du doc se noirci comme ça, et qu'on fait rien, la page d'accueil et le bouton home ne répondent plus, et on ne peux plus ouvris d'app, même avec Siri. @AppleSupport @101553",@743062 We offer support via Twitter in English. Contact us for help in your preferred language here:,,,,
2422514,2422514,Imagine if my phone actually worked and didn’t die in 5 seconds after I updated to iOS 11?! @115858 😡😡😡😡😡,@603683 We want to look into this with you. Please DM us details on how much battery you have when this happens and if you see an Apple logo or spinning gear. We'll work with you on this issue there.,,,,
1297977,1297977,@115858 my iPhone 6s shuts off when charging in the middle of the night on 11.0.3. What’s up with that?,@423342 That’s not what we’d expect to hear. Can you confirm what charger you are using via DM?,,,,
2145646,2145646,So @115858 are we just stuck with this question mark A I️ situation forever? Unfixable bug? What’s going on?,@630775 Here’s what you can do to work around the issue until it’s fixed in a future software update:,,,,
1242835,1242835,@AppleSupport It’s all on the Apple Support thread in the first tweet I sent over.,@411556 Thanks for clarifying. Please meet us in DM so we may discuss this further.,,,,
2277705,2277705,@662349 @115858 I hear that!!!!! Nothing has been right on mine since the iOS 11 updates😡,@668652 Thanks for reaching out. We've recieved your DM and will respond there shortly.,,,,
1621208,1621208,@AppleSupport Taking portrait mode photos keeps crashing and restarting my iPhone X. Other modes are fine. Already on iOS 11.1. Help!,"@496798 We'd be happy to look into this with you. Send us a DM, and we'll get started.",,,,
1876999,1876999,"@AppleSupport See this, deleting the update again and again, still doesn’t remove the installed update of ios 11.0.3",@458042 We appreciate the videos you've provided. Try using iTunes on your computer to update and DM us the result.,,,,
1886879,1886879,IOS 11 has fucked up my phone that’s not even a year old!!! Thanks so much @115858 @AppleSupport !!!🙃🙃,"@562775 Rest assured, it's certainly not what we want you to experience, so we're committed to helping. Please DM us all about it.",,,,
1178386,1178386,@AppleSupport I pulled these out of my phone and the lightning conector stayed in my phone.. I've had these for less than 1 month...,@397144 We'd be happy to look into available options with you. DM us your iPhone model to get started.,,,,
2578611,2578611,@115858 please fix the I.T issue. I’m tired of having to type “it” FIVE TIMES to make it say it!,"@678071 We absolutely want to help with this. What device are you using, and what OS version is installed? Let us know in DM. We’re here for you.",,,,
661524,661524,@AppleSupport You can't just tell me what to do since it's probably a software issue? The closest place is 2 hours away and they'll probably want 4 times what I paid for the buttons.,"@277622 DM us, and we can give you some other support options.",,,,
1634068,1634068,Listen @115858 this little question mark shit is getting on my nerves. Tighten up.,@499902 Thanks for reaching out. We have a workaround for this here:,,,,
2405046,2405046,Tried update to #iOS1111 - result below. Got loop of not updating and can’t restore or reset to factory settings. @AppleSupport Help please!,@691767 We've got some steps for you to get this update issue solved. Let's try the step here: Let us know in DM if those don't help.,,,,
1226604,1226604,@115858 @AppleSupport my dock disappeared 👀,@407762 Which device and iOS version are you using? Have you tried restarting? We want to see how we can help with this.,,,,
1446439,1446439,"There are many bugs on the native mail app for the iPhone 8 running iOS 11.1. Super frustrating, might have to ditch it. 💆🏽‍♂️@AppleSupport",@455635 We're here for you. DM some further details as to what is going on and we can go from there together.,,,,
1647343,1647343,@AppleSupport It’s on a Sony stereo for cars (not sure which model exactly) and my phone is on version 11.1,@503294 Thanks for letting us know. Please DM us so that we can look into this together.,,,,
1079177,1079177,@115858 my music app won’t even open because of this update. I’m furious FIX THIS NOW!!!! I don’t pay for Apple Music for it to not work,@374565 Hi there. We'd be happy to help get your Music playing again. What's happening when you tap your Music app to open it?,,,,
292907,292907,@115858 um yeah I'd just like to know why my phone has been screwing up so bad...it started when the new iPhones that I can't afford came out,@185755 Can you tell us a bit about the trouble you're running into? We're happy to help get your iPhone working like it should be!,,,,
2017185,2017185,"@115858 's reserve and pickup is a scam, don't understand how they get sold old in 3o secs &amp; how the reservation never goes through",@596538 This isn't the experience we want you to have. Which country are you located in? Reply in DM so we can look at your options.,,,,
1584636,1584636,@115858 you guys need to fix this glitch. I️ I️ I️ I️ I️ I️ I I️ I️ am pissed about this. It’s messing with my business! Come on!,@242720 Thanks for reaching out. This workaround will help until this issue is resolved in a future update:,,,,
1803198,1803198,@AppleSupport I have iOS 11.1.2 now and still the battery life is awful. I use my iPhone on a daily basis and now since the battery drain so fast I need to carry a powerbank everytime. :(,@541828 Is this issue happening in very hot or very cold conditions? Does it happen when using a particular app or is it more widespread?,,,,
1107350,1107350,@AppleSupport iOS 11.03 on a 6splus. When I updated my battery life went down by 50%,@167225 Let's work together on figuring out what's happening. Please reach out to us in DM and we can get started.,,,,
2675086,2675086,@AppleSupport iPhone 5se with 11.0.3 and it started yesterday,@270085 Let's get Touch ID working again. Please start by trying the steps here: Let us know how it goes.,,,,
889072,889072,"@AppleSupport There is a delayed touch response switching between apps and iPhone screens, and typing using the keyboard and also voice recognition. Also I have apps freeze now, and they didn’t used to before I upgraded.",@331076 We'd be happy to look into this with you further. DM us using the link below and we'll go from there.,,,,
1589897,1589897,@488856 @115858 An employee got in my face about picking up an order that was ready. There was a backend error and he was so unnecessarily rude about it.,@488855 We want to make sure this gets addressed. Can you DM us and let us know more about what happened?,,,,
909075,909075,@AppleSupport Please fix Do Not Disturb on iOS11. Still getting calls when it’s turned on and “allow calls from no one”,@335926 Let’s see what might be causing this. DM us and we'll work from there:,,,,
1760479,1760479,Why is the letter I️ not working. Messed up my tweet @115858,@529859 Here’s what you can do to work around the issue until it’s fixed in a future software update:,,,,
1394012,1394012,Headphones hear a strange sound every 20-30 minutes while listening to music. 😡 #Apple #AirPods @115858 @AppleSupport,@444193 We want to help make sure you enjoy your music. Could you describe the sound?,,,,
2913296,2913296,"Dear @115858 @AppleSupport, Where is the ""Siri &amp; Search"" menu that used to sit under the ""Sounds &amp; Haptics"" menu in ""Settings"" on iOS 11.1.2? Buggy?","@806473 We're here for you! Send us a DM, and we'll take a closer look at your Settings together there.",,,,
1410768,1410768,@115858 can you explain to me why these boxes pop up when I️ type “I️” and can y’all fix it?? Can’t form too many sentences without it lol,@222734 Let's look into this issue for you. Send us a DM with your current iOS version to get started.,,,,
2294436,2294436,"Bonjour @AppleSupport , mon iPhone refuse complètement de se connecter à iCloud depuis cet après midi",@666250 We offer support via Twitter in English. Contact us for help in your preferred language here:,,,,
2320118,2320118,@672423 @116333 I didn't receive my Veterans Activity Challenge Award.. what possibly could have happened to it.,@672422 We'd like to look into this with you. Send us a DM and we'll go from there.,,,,
1492611,1492611,@AppleSupport I updated pages on my iPhone and now it's freezing when I try to open a new document,@466619 Let's get you connected to our Pages team. Please use this link to get in contact with them: Select Apps &amp; Software &gt; iOS apps,,,,
2743086,2743086,@AppleSupport my Apple TV keeps asking me for a verification code in order to use my apps. I say “ok” &amp; one pops up on my phone (with my old Apple ID (wtf)) &amp; there’s nowhere to enter the verification code. 🤦🏻‍♀️ This thing has been nothing but a pain in the butt.,@768345 We want to make sure this gets resolved for you. Contact our Apple TV experts through this link to get started:,,,,
2572095,2572095,"Thanks to new iOS update from @115858 I can take a few weeks off from my iPhone. Who needs to type on those things anyway? Seriously, nobody wants more emojis! Is it too much to ask for the basics to work like phone, mail, text, calendar? #applefail #itdoesntwork #ios11",@729361 This isn't what we want to happen after you update to iOS 11. Let's pair up in DM to get a closer look at what's happening here.,,,,
1764501,1764501,@115858 my fucking iPhone was working perfectly before this update . FIX IT !,@530792 We want to help. What is your iPhone doing after the update? Send us some details and we'll make a plan to resolve it.,,,,
1733772,1733772,please fix the fucking i️ glitch @115858,@523592 Here’s what you can do to work around the issue until it’s fixed in a future software update:,,,,
287499,287499,"Constant bug on new @115858 iOS is a lock screen that looks like the left, rather than the right.",@184516 Let us help. We want to be sure we understand what you are seeing there. What problem are you seeiing with the lock screen?,,,,
1877859,1877859,My phone is so fucking broken for no reason @115858 get your shit together :/,"@306089 We'd like to know more about what's happening. Send us a DM with the specifics, including which iOS version you're using.",,,,
1934066,1934066,@AppleSupport why my battery drain fast when I charge it it takes longer to charge and I’m iPhone 7 on iOS 11,@156107 Thanks for reaching out. This not an experience we want you to have. We'd like to help. Let's work together in DM.,,,,
2888003,2888003,@AppleSupport I had to get our IT people on it to fix it. Well they were only able to create a work around for me. But so far it has been ok.,@373660 We suggest completing the update at this time. We're here for you if you have any other questions.,,,,
1748067,1748067,"@AppleSupport my iPhone 7 will not connect to known WiFi networks. Keep getting ‘incorrect password’ messages, please help 😭",@526952 We'd love to help. Could you Direct Message us and let us know what iOS version you're on?,,,,
706898,706898,"@AppleSupport new iOS is terrible. Slows down the phone with multiple delays, keyboard delays, safari issues, volume issues - iphone6",@289005 Thanks for reaching out! We've received your DM and we'll continue with you there.,,,,
1657805,1657805,@AppleSupport I’ve been dealing with this for 2 days? Why are I’s being replaced with “A ?”,@505824 Here’s what you can do to work around the issue until it’s fixed in a future software update:,,,,
1973350,1973350,My (I’s) are now doing this I️ ! Thank you @115858 @AppleSupport a sign that my phone is going to die out and I️ need to get a new one 🙄,@584427 We'll do everything we can to help. Which version of iOS is currently installed on your iPhone? Let us know via DM.,,,,
1579757,1579757,@486429 @115858 I’m frustrated 😫😫,@486428 We want your keyboard working for you; we'll do all we can to help. Let's try these steps:,,,,
1878005,1878005,@AppleSupport starting today my iPhone 8 plus display will remain on and will not turn off unless I hit the sleep button. ??,@177690 We want to be sure your iPhone 8 is working normally. Have you been able to restart since this has happened? Let us know in DM.,,,,
1919735,1919735,estou farta desta battery drain. fix it @115858 @AppleSupport,@571537 We're happy to look into your battery concerns. DM us your model iPhone and iOS version installed to get started.,,,,
1482438,1482438,@115858 how could our search algorithm be so bad. I’m trying to use #spotlight to find the App Store,@464218 Let's look into this further. Do you have Suggestions in Search or in Look Up enabled in Settings &gt; Siri &amp; Search currently?,,,,
765635,765635,So found out the new iPhone update now doesn’t allow me to connect my phone to the car? @115858 what are you playing at 🙄🙄🙄🙄,@302981 We want you to enjoy your iPhone wherever you're going. We'll do all we can to help. How are you trying to connect to your car?,,,,
2417425,2417425,updated my iPhone but the “I” thing still is not fixed 🚮 @AppleSupport @115858,@363597 Let's have a look at this together. Can you please DM us?,,,,
82032,82032,Thanks @115817 for loosing my iPhone X and for @115858 for not sending me a new one,@134153 We'd like to look into this with you. Let's hop in DM. Click here:,,,,
905947,905947,@AppleSupport My headphone is notworking without any reason :) You must fix it to me :).,@335080 Let's help look into any options. Please DM us the country you're in and we can go from there.,,,,
851737,851737,@AppleSupport Yup it’s in Standard. S/O to your twitter customer service tho,@322321 Thanks for checking on that. We welcome feedback. Please feel free to leave yours regarding this here:,,,,
2776022,2776022,"Hey @115858, would be cool if your latest update didn't completely break my phone &amp; support could give more than ""your warranty was up 30 days ago"" or ""did you try turning it off &amp; on again?"" Anyone have a connect for actual support? #offthegridinPeru",@775678 HI there. We can look into whatever issue you're having with your phone. Let's meet up in DM and discuss it.,,,,
96980,96980,@AppleSupport Why is the double tap summoning Siri?,@137166 We're here to help. Have you restarted your iPhone since applying this change in settings?,,,,
1137976,1137976,been charging my phone for 1hr but it’s still on 5% ermmmm @115858,@388036 We're happy to help! Have you had the chance to restart your iPhone yet? Let us know if that changes the battery percentage.,,,,
1713675,1713675,PLEASE GOD @115858 FIX THE THIS Or I’m going to buy a Samsung.,@301556 We'd like to see how we can help. DM us and we can get started.,,,,
1717512,1717512,"@AppleSupport how can I remove ""Advanced Mac Cleaner""? It was meant to be Flash. Thanks. #help",@520068 We can help you out with that. Can you uninstall it following the directions here?:,,,,
2255392,2255392,"@115858 Ho trovato un bug nella tastiera iOS 11, quando digito “la” mi sostituisce in automatico con “L.A” è poco gradito sto bug 😓",@656912 We offer support via Twitter in English. Contact us for help in your preferred language here:,,,,
1761259,1761259,Is @115858 working on their iPhone texting issue with (i) ??,@515042 Here’s what you can do to work around the issue until it’s fixed in a future software update:,,,,
1101038,1101038,@AppleSupport Hey folks. 11.0.3 appears to have bricked my iPhone 6. Any update? Thanks!,@379768 We'b be happy to assist you with your iPhone. Meet us in DM and we'll get started.,,,,
2234446,2234446,@AppleSupport Yep!,@444390 Thanks for the details. Send us a DM using the link below and we'll continue to help.,,,,
1774851,1774851,@AppleSupport why am I getting this error? - I am connected to WiFi with a good connection,@533376 We'd like to take a look at this with you. Let's continue in DM.,,,,
2850904,2850904,all my pictures deleted out my phone and I’m sad af. Wassup @AppleSupport ?,"@792706 We're here for you! Do you use iCloud Photo Library? Did anything happen before you noticed your photos missing, like restarting or closing an application?",,,,
1765140,1765140,I️ blame @115858 for my typo I️ was over here trying to figure out how to say it without using “I️” and look where it got me fuck you apple !,@530937 Here’s what you can do to work around the issue until it’s fixed in a future software update:,,,,
1692573,1692573,LOOK @115858 ... fix this annoying I️ shit 😒,@513703 Here’s what you can do to work around the issue until it’s fixed in a future software update:,,,,
2555367,2555367,Hey @115858 I really don’t appreciate the new bug where my alarms aren’t going off.,@725631 It’s important to have reliable alarms! Let’s dig a little deeper to see what we can find out. Let us know which version of iOS you’re running in DM. We’ll continue with you there.,,,,
125761,125761,"@AppleSupport Unresponsive keyboard and buttons, low battery life, disappearing icons and even the time display, wifi/bluetooth always on.","@144217 Thanks for clarifying. We're eager to help get these issues resolved. In order to ensure we're on the same page, please send us a DM and let us know the version number of iOS installed. This can be found under Settings &gt; General &gt; About.",,,,
1232327,1232327,"@AppleSupport Just updated to latest update, apps are freezing phone for 30-40 seconds in some cases complely@crashing forcing a hard reboot",@409019 Let's take a look at this for you. Reach out to us in DM.,,,,
2915971,2915971,So NOW it’s my and my wife’s touchscreen that is really slow to respond. Can’t get back to Mac mail or texts.. WTF happened to the great @AppleSupport @115858 ? I’m tired of bitching about them. Everyday it’s something. #imdone,@739035 We are here to help. Send us a DM and we'll look into this together.,,,,
1859034,1859034,@AppleSupport my iPhone 6s has a consistent battery draining problem since the update of iOS 11.0.1 so far 2 more minor updates but in vain,@402034 We've got your back on this. Can you start by confirming if an update to 11.0.3 helped?,,,,
596883,596883,@115858 updated to 11.2. Unable to activate Apple Pay Cash. Help?,"@261493 Thanks for updating to iOS 11.2. If you're in the US, those features will begin rolling out early next week.",,,,
1718247,1718247,I️ keeps popping up @115858,@520254 Here’s what you can do to work around the issue until it’s fixed in a future software update:,,,,
1594978,1594978,@AppleSupport Well my health app had two Apple watches on it so I deleted one and then it happened but would this affect all of my activities data it didn’t really affect anything else but,@156179 Have you been creating iCloud backups? Send us a DM and let us know.,,,,
2983777,2983777,The new Mac OS High Sierra doesn’t allow multiple extenal displays. No fix. No explanation. @115858 @AppleSupport #HighSierra #macOS #macOSHighSierra,"@822793 We know the value of having multiple displays, and we'd like to see how we can help. Let us know in DM what type and year of Mac you have, along with the type of displays you're trying to use. We'll continue from there:",,,,
2731337,2731337,@AppleSupport iPhone 7s plus,"@732115 Got it, thank you. In recent iOS versions, you can turn off auto-brightness by tapping Settings &gt; General &gt; Accessibility &gt; Display Accommodations. Check out this article for more information:",,,,
2042590,2042590,@AppleSupport iOS 11 makes me want to switch to samsung. And I’ve been a loyal Apple customer for years. These bugs are just absurd.,@449864 We want you to enjoy iOS 11. We can help! Send us a DM and let us know what's happening specifically. We'll go from there.,,,,
2451726,2451726,WHY can i still not download iOS 11?? it fails to verify every time and i'm super annoyed. @AppleSupport,"@482457 We're here to help. If you haven't yet, try installing the update through iTunes. Follow these steps:",,,,
813347,813347,"Since I downloaded the newest update on my phone, it keeps turning itself off and all my photos have disappeared!? Help ☹️ @AppleSupport",@313813 Let's have a closer look with you. What is being done on the device when it turns itself off?,,,,
1362573,1362573,"@AppleSupport Great, thanks!",@437261 No problem. Let us know if you need any further assistance.,,,,
2571993,2571993,@AppleSupport how do I revoke access to the default camera app when my iPhone’s screen is locked?,@136095 Hello. We'd love to help. Let's meet up in DM and discuss it.,,,,
2070031,2070031,@115858 WTF these updates are THE WORST! My phone is constantly dying. Can’t hold a charge whatsoever. #fixthebattery,@612179 We'd be happy to partner with you and help you maximize battery life. Can you DM us the exact version of iOS you're running?,,,,
1634104,1634104,WTF IS UP @115858 WITH “I️”,@499914 Here’s what you can do to work around the issue until it’s fixed in a future software update:,,,,
2295567,2295567,@115858 needs to fix this “ I️ “ problem ASAP.,"@666558 We recently released an iOS update, 11.1.1, that contains a fix for autocorrect issues. Let’s be sure to back up your device prior to updating. How to back up:",,,,
1566895,1566895,@AppleSupport fix this. I’m tired of the explanation point and question mark in the box problem,"@483607 We're happy to take a look. First, check out this article with steps to help with the issue you see:",,,,
2285339,2285339,@AppleSupport so my iPhone crashes touch seems to stop working altho I can access wifi menu etc Ask apple the issue they tell me my phone screen needs replaced - get new phone and same issue happens is this a problem with iOS or the 8?,@664100 Let's take a closer look at this issue together. Please DM us about this and we'll get started.,,,,
1021683,1021683,@AppleSupport is there anyway I can seriously get this Bluetooth issues fixed already you guys do the dumbest updates and ruins the phone,@361779 Thanks for reaching out to us. Can you please clarify the issue that you are having? That way we can better assist you.,,,,
780276,780276,@115858 you guys need to update IOS because it’s hiding &amp; moving photos from my People list from one person to a different person so fix It.,@306297 We are here for you. Let's take a look at this further for you. Reach out to us in DM.,,,,
235006,235006,@AppleSupport Yes. I’ve just upgraded to IoS11.2 and it seems to be fixed!,@135630 Glad to hear it. Please reach out to us again if anything else comes up.,,,,
738502,738502,@AppleSupport fix the battery drain issue ASAP or i ll never buy an iphone again,@296624 We're here to help. Send us a DM and let us know what version of iOS you're running. We'll go from there.,,,,
2305945,2305945,"@AppleSupport Been having this issue for months, using an iPhone 6 using software. Ios11",@669008 Let's make sure you have the data turned on for the apps. Here is a link to help:,,,,
1311508,1311508,@AppleSupport I need a tutorial for the iOS 11 podcast app. I don’t know how to use it and it is not as organized as the ios10 version.,@190415 Thanks for reaching out to us. Here is a helpful resource: DM us if you have any questions here:,,,,
1035259,1035259,@115858 thanks for slowing down my phone with the new iOS 11 update. Now my iPhone 6 is slow and glitchy. Thanks apple you’re awesome!,@364885 We're here to help. Please send us a DM if you would like us to troubleshoot what's going on.,,,,
1551805,1551805,@AppleSupport Why is my phone auto correcting “I” to I️,@480184 Check out our article here: DM us any other questions.,,,,
2499357,2499357,So this new update has me annoyed. This shit just sent me messages from 4/5 days ago. Cmon @115858 you gotta do better. #iPhone7Plus 😒,@713116 Thanks for reaching out to us. We'd like to help you and look into this further. Please DM us to continue working on this.,,,,
2736419,2736419,why does my music stop every time i get a notification or even for no reason at all plz help i’m sick of it😩 legit happens like 5 times a minute @AppleSupport,@766823 Thanks for reaching out. Please DM us which device is having the issue. We'll start there.,,,,
998927,998927,Dear @AppleSupport please stop making “I” appear as question marks in boxes. Thank you!,@356522 Hello. Check out this article and DM us any questions you may have:,,,,
542478,542478,New iPhone X starts randomly resetting itself... great job @AppleSupport,"@245915 We want to help. If your new iPhone X with iOS 11 unexpectedly restarts, this article will walk you through a solution: Let us know if you have any other questions. We're here for you.",,,,
542441,542441,@AppleSupport The screen goes black with a buffering type image in the middle and then goes back to the locked screen. It began shortly after midnight last evening. I found temp fix from other users until iOS update is released.,"@245901 Please back up your iPhone, then use the guidance here to get this resolved:",,,,
34610,34610,"Oh great, iMessage not working after the latest iOS update. 😐 @AppleSupport",@123499 Thanks for reaching out. DM the specific issue you are seeing with Messages to get started.,,,,
2845701,2845701,Yo @AppleSupport y’all can’t get shit right huh? I’m trying to say “it” not I.T,@791527 That should not be happening. We want to help. Which version of iOS are you using? You can check in Settings &gt; General &gt; About.,,,,
652980,652980,"@AppleSupport One other app specifically. This was the first time it happened on messages, but it was three times in a row, each time in the middle of sending a long text to a friend","@275266 What specific iOS are you running on the iPhone under Settings &gt; General &gt; About? Does a restart resolve the issue for you, if even temporarily?",,,,
2036124,2036124,I never shoulda updated my phone... smh can I go back @115858,@601974 We're happy to work with you on your iPhone today for any concerns you have. Let's meet in DM to review what you're experiencing.,,,,
1405452,1405452,@AppleSupport When i say hey siri plz translate.. its showing search result.. not translating,"@695093 Let's look into that. To start, which device and iOS version are you using?",,,,
1783210,1783210,My iPhone literally will not turn on. I hate you @115858,"@535772 It's frustrating when your device isn't working the way you'd expect. Luckily, we're here to help. Send us a DM.",,,,
897156,897156,"@115858 meu Wi-fi do 5s o tempo todo desconecta, tem como arrumar este bug? ele não fico conectado direto poxa","@333044 Since our Twitter support is available in English, get help at or join",,,,
2593045,2593045,"Kan @AppleSupport hier even op reageren! Ik ben 7 jaar geleden begonnen met de #iPhone 3GS, daarna de de 4, toen de 4S, daarna de 5, toen de 6S+ en nu de 7. Ik ben ervaringsdeskundige. De 7 heeft de nieuwste software, maar zit met dit beeld MUURVAST! Nog nooit meegemaakt! Wat nu?",@734347 We offer support via Twitter in English. Contact us for help in your preferred language here:,,,,
879305,879305,@AppleSupport Yes created on iPhone 7 and I have run out of space on my cloud,"@328749 Are you currently syncing to iCloud, and have notes enabled? We'd want to check as well.",,,,
2434242,2434242,@AppleSupport Control Center,@698529 This is normal behavior. You can read more about it here.,,,,
1890011,1890011,@115858 @AppleSupport What is wrong with you guys! Every apple product I have is falling apart. For past one hour my phone is showing every single message notification from past year. Every time I buy a charging cable it breaks. My phone hangs millions times a day. What is wrong?!,@563635 We're glad you are reaching out to us so we may help. Click the DM link and we'll get started looking into these with you.,,,,
1004979,1004979,@AppleSupport Yes!,"@357863 Have you had a chance to force quit the Music App, and then restart the device since updating to iOS 11.1.2?",,,,
2731259,2731259,@115858 can this be fixed? I got it in like 2011-2012 (if i rememeber right. Its been awhile.),"@765664 We know how important it is to have a working iPhone, and we'll do all we can to help. Let us know what country you're in via DM, and we'll get started:",,,,
2436454,2436454,@AppleSupport yes,"@698997 Thanks for clearing that up. When your phone shuts down, does it power itself back on, or do you have to turn it on manually?",,,,
1997678,1997678,@AppleSupport last few days my battery has been draining like crazy. Dead phone by noon. iPhone 8 was on 11.03 now on 11.1 &amp; it’s worse.,@590685 Battery life is so important. Let's work together today to help. Join us in Direct Message below to get started.,,,,
946670,946670,"@AppleSupport my AppStore is not working, it doesn’t download apps since I updated iOS.",@344481 We'd like to help. Which Apple device and version of iOS are you using? Please reply in DM.,,,,
1768866,1768866,Hey @AppleSupport can you please fix this stupid auto correct of the “I️” to “A ?” crap 🙄,@531809 Here’s what you can do to work around the issue until it’s fixed in a future software update:,,,,
2012233,2012233,So why is this 👉🏾 I️ happening every time i type the letter i? @AppleSupport @115858,@595009 We'd be happy to work with you. These steps can help: DM us if the issue continues.,,,,
1432449,1432449,Wth is up wit iPhone spelling error ? This “A❔” crap??? @AppleSupport,@250053 Could you Direct Message us? We'll look into this with you.,,,,
2555359,2555359,What I have to do?! 😫 @AppleSupport,@341892 We can assist you with this. One option is to free up storage space so that you have more space available: You can also purchase more iCloud storage.,,,,
2622748,2622748,"What in the actual hell is this @115858? I clicked on install for the System Update and got this?!?!?! What am I supposed to dow with this, @AppleSupport?",@167468 This is certainly unexpected. Let us know the currently installed operating system in DM. We’ll team up.,,,,
2077420,2077420,@AppleSupport 1. Screen not working sometimes 2. Keypad for calling hangs 3. Apps hang commonly most of times when u need a phone ur phone is hanged,"@614404 Alright, no problem. Let us know if all the apps are currently up-to-date in DM. We’ll continue troubleshooting there.",,,,
